{
  "semantic": 0.2260923189823875,
  "tfidf": 0.22908820939334637,
  "knowledge": 0.25522695694716246,
  "collaborative": 0.28959251467710373
}